<?xml version="1.0" encoding="UTF-8"?>
<project-private xmlns="http://www.netbeans.org/ns/project-private/1">
    <editor-bookmarks xmlns="http://www.netbeans.org/ns/editor-bookmarks/2" lastBookmarkId="0"/>
    <open-files xmlns="http://www.netbeans.org/ns/projectui-open-files/2">
        <group>
            <file>file:/home/labso07/Documentos/NetBeansProjects/Examen/src/java/controller/ListarUsuarioServlet.java</file>
            <file>file:/home/labso07/Documentos/NetBeansProjects/Examen/src/java/entity/Usuario.java</file>
            <file>file:/home/labso07/Documentos/NetBeansProjects/Examen/src/java/model/IUsuarioModel.java</file>
            <file>file:/home/labso07/Documentos/NetBeansProjects/Examen/src/java/model/UsuarioModelimpl.java</file>
            <file>file:/home/labso07/Documentos/NetBeansProjects/Examen/src/java/Server/IUsuarioService.java</file>
            <file>file:/home/labso07/Documentos/NetBeansProjects/Examen/src/java/Server/UsuarioServiceImpl.java</file>
        </group>
    </open-files>
</project-private>
